job_id,job_name,run_date,status,ticket_id
BKP-0101,Nightly ERP backup,2026-01-01,success,
BKP-0102,Nightly ERP backup,2026-01-02,success,
BKP-0103,Nightly ERP backup,2026-01-03,success,
BKP-0104,Nightly ERP backup,2026-01-04,success,
BKP-0105,Nightly ERP backup,2026-01-05,success,
BKP-0106,Nightly ERP backup,2026-01-06,success,
BKP-0107,Nightly ERP backup,2026-01-07,success,
BKP-0108,Nightly ERP backup,2026-01-08,success,
BKP-0109,Nightly ERP backup,2026-01-09,success,
BKP-0110,Nightly ERP backup,2026-01-10,success,
BKP-0111,Nightly ERP backup,2026-01-11,success,
BKP-0112,Nightly ERP backup,2026-01-12,success,
BKP-0113,Nightly ERP backup,2026-01-13,success,
BKP-0114,Nightly ERP backup,2026-01-14,success,
BKP-0115,Nightly ERP backup,2026-01-15,success,
BKP-0116,Nightly ERP backup,2026-01-16,success,
BKP-0117,Nightly ERP backup,2026-01-17,success,
BKP-0118,Nightly ERP backup,2026-01-18,success,
BKP-0119,Nightly ERP backup,2026-01-19,success,
BKP-0120,Nightly ERP backup,2026-01-20,success,
BKP-0121,Nightly ERP backup,2026-01-21,success,
BKP-0122,Nightly ERP backup,2026-01-22,success,
BKP-0123,Nightly ERP backup,2026-01-23,success,
BKP-0124,Nightly ERP backup,2026-01-24,success,
BKP-0125,Nightly ERP backup,2026-01-25,success,
BKP-0126,Nightly ERP backup,2026-01-26,success,
BKP-0127,Nightly ERP backup,2026-01-27,success,
BKP-0128,Nightly ERP backup,2026-01-28,success,
BKP-0129,Nightly ERP backup,2026-01-29,success,
BKP-0130,Nightly ERP backup,2026-01-30,success,
BKP-0131,Nightly ERP backup,2026-01-31,success,
BKP-0201,Nightly ERP backup,2026-02-01,success,
BKP-0202,Nightly ERP backup,2026-02-02,success,
BKP-0203,Nightly ERP backup,2026-02-03,success,
BKP-0204,Nightly ERP backup,2026-02-04,success,
BKP-0205,Nightly ERP backup,2026-02-05,success,
BKP-0206,Nightly ERP backup,2026-02-06,success,
BKP-0207,Nightly ERP backup,2026-02-07,success,
BKP-0208,Nightly ERP backup,2026-02-08,success,
BKP-0209,Nightly ERP backup,2026-02-09,success,
BKP-0210,Nightly ERP backup,2026-02-10,success,
BKP-0211,Nightly ERP backup,2026-02-11,success,
BKP-0212,Nightly ERP backup,2026-02-12,success,
BKP-0213,Nightly ERP backup,2026-02-13,success,
BKP-0214,Nightly ERP backup,2026-02-14,success,
BKP-0215,Nightly ERP backup,2026-02-15,success,
BKP-0216,Nightly ERP backup,2026-02-16,success,
BKP-0217,Nightly ERP backup,2026-02-17,failed,INC-7700
BKP-0218,Nightly ERP backup,2026-02-18,success,
BKP-0219,Nightly ERP backup,2026-02-19,success,
BKP-0220,Nightly ERP backup,2026-02-20,success,
BKP-0221,Nightly ERP backup,2026-02-21,success,
BKP-0222,Nightly ERP backup,2026-02-22,success,
BKP-0223,Nightly ERP backup,2026-02-23,success,
BKP-0224,Nightly ERP backup,2026-02-24,success,
BKP-0225,Nightly ERP backup,2026-02-25,success,
BKP-0226,Nightly ERP backup,2026-02-26,success,
BKP-0227,Nightly ERP backup,2026-02-27,success,
BKP-0228,Nightly ERP backup,2026-02-28,success,
BKP-0301,Nightly ERP backup,2026-03-01,success,
BKP-0302,Nightly ERP backup,2026-03-02,success,
BKP-0303,Nightly ERP backup,2026-03-03,success,
BKP-0304,Nightly ERP backup,2026-03-04,success,
BKP-0305,Nightly ERP backup,2026-03-05,success,
BKP-0306,Nightly ERP backup,2026-03-06,success,
BKP-0307,Nightly ERP backup,2026-03-07,success,
BKP-0308,Nightly ERP backup,2026-03-08,success,
BKP-0309,Nightly ERP backup,2026-03-09,success,
BKP-0310,Nightly ERP backup,2026-03-10,success,
BKP-0311,Nightly ERP backup,2026-03-11,success,
BKP-0312,Nightly ERP backup,2026-03-12,success,
BKP-0313,Nightly ERP backup,2026-03-13,success,
BKP-0314,Nightly ERP backup,2026-03-14,success,
BKP-0315,Nightly ERP backup,2026-03-15,success,
BKP-0316,Nightly ERP backup,2026-03-16,success,
BKP-0317,Nightly ERP backup,2026-03-17,success,
BKP-0318,Nightly ERP backup,2026-03-18,success,
BKP-0319,Nightly ERP backup,2026-03-19,success,
BKP-0320,Nightly ERP backup,2026-03-20,success,
BKP-0321,Nightly ERP backup,2026-03-21,success,
BKP-0322,Nightly ERP backup,2026-03-22,success,
BKP-0323,Nightly ERP backup,2026-03-23,success,
BKP-0324,Nightly ERP backup,2026-03-24,success,
BKP-0325,Nightly ERP backup,2026-03-25,success,
BKP-0326,Nightly ERP backup,2026-03-26,success,
BKP-0327,Nightly ERP backup,2026-03-27,success,
BKP-0328,Nightly ERP backup,2026-03-28,success,
BKP-0329,Nightly ERP backup,2026-03-29,success,
BKP-0330,Nightly ERP backup,2026-03-30,success,
BKP-0331,Nightly ERP backup,2026-03-31,success,
BKP-0401,Nightly ERP backup,2026-04-01,success,
BKP-0402,Nightly ERP backup,2026-04-02,success,
BKP-0403,Nightly ERP backup,2026-04-03,success,
BKP-0404,Nightly ERP backup,2026-04-04,success,
BKP-0405,Nightly ERP backup,2026-04-05,success,
BKP-0406,Nightly ERP backup,2026-04-06,success,
BKP-0407,Nightly ERP backup,2026-04-07,success,
BKP-0408,Nightly ERP backup,2026-04-08,success,
BKP-0409,Nightly ERP backup,2026-04-09,success,
BKP-0410,Nightly ERP backup,2026-04-10,success,
BKP-0411,Nightly ERP backup,2026-04-11,success,
BKP-0412,Nightly ERP backup,2026-04-12,success,
BKP-0413,Nightly ERP backup,2026-04-13,success,
BKP-0414,Nightly ERP backup,2026-04-14,success,
BKP-0415,Nightly ERP backup,2026-04-15,success,
BKP-0416,Nightly ERP backup,2026-04-16,success,
BKP-0417,Nightly ERP backup,2026-04-17,success,
BKP-0418,Nightly ERP backup,2026-04-18,success,
BKP-0419,Nightly ERP backup,2026-04-19,success,
BKP-0420,Nightly ERP backup,2026-04-20,success,
BKP-0421,Nightly ERP backup,2026-04-21,success,
BKP-0422,Nightly ERP backup,2026-04-22,success,
BKP-0423,Nightly ERP backup,2026-04-23,success,
BKP-0424,Nightly ERP backup,2026-04-24,success,
BKP-0425,Nightly ERP backup,2026-04-25,success,
BKP-0426,Nightly ERP backup,2026-04-26,success,
BKP-0427,Nightly ERP backup,2026-04-27,success,
BKP-0428,Nightly ERP backup,2026-04-28,success,
BKP-0429,Nightly ERP backup,2026-04-29,success,
BKP-0430,Nightly ERP backup,2026-04-30,success,
BKP-0501,Nightly ERP backup,2026-05-01,success,
BKP-0502,Nightly ERP backup,2026-05-02,success,
BKP-0503,Nightly ERP backup,2026-05-03,success,
BKP-0504,Nightly ERP backup,2026-05-04,failed,INC-7701
BKP-0505,Nightly ERP backup,2026-05-05,success,
BKP-0506,Nightly ERP backup,2026-05-06,success,
BKP-0507,Nightly ERP backup,2026-05-07,success,
BKP-0508,Nightly ERP backup,2026-05-08,success,
BKP-0509,Nightly ERP backup,2026-05-09,success,
BKP-0510,Nightly ERP backup,2026-05-10,success,
BKP-0511,Nightly ERP backup,2026-05-11,success,
BKP-0512,Nightly ERP backup,2026-05-12,success,
BKP-0513,Nightly ERP backup,2026-05-13,success,
BKP-0514,Nightly ERP backup,2026-05-14,success,
BKP-0515,Nightly ERP backup,2026-05-15,success,
BKP-0516,Nightly ERP backup,2026-05-16,success,
BKP-0517,Nightly ERP backup,2026-05-17,success,
BKP-0518,Nightly ERP backup,2026-05-18,success,
BKP-0519,Nightly ERP backup,2026-05-19,success,
BKP-0520,Nightly ERP backup,2026-05-20,success,
BKP-0521,Nightly ERP backup,2026-05-21,success,
BKP-0522,Nightly ERP backup,2026-05-22,success,
BKP-0523,Nightly ERP backup,2026-05-23,success,
BKP-0524,Nightly ERP backup,2026-05-24,success,
BKP-0525,Nightly ERP backup,2026-05-25,success,
BKP-0526,Nightly ERP backup,2026-05-26,success,
BKP-0527,Nightly ERP backup,2026-05-27,success,
BKP-0528,Nightly ERP backup,2026-05-28,success,
BKP-0529,Nightly ERP backup,2026-05-29,success,
BKP-0530,Nightly ERP backup,2026-05-30,success,
BKP-0531,Nightly ERP backup,2026-05-31,success,
BKP-0601,Nightly ERP backup,2026-06-01,success,
BKP-0602,Nightly ERP backup,2026-06-02,success,
BKP-0603,Nightly ERP backup,2026-06-03,success,
BKP-0604,Nightly ERP backup,2026-06-04,success,
BKP-0605,Nightly ERP backup,2026-06-05,success,
BKP-0606,Nightly ERP backup,2026-06-06,success,
BKP-0607,Nightly ERP backup,2026-06-07,success,
BKP-0608,Nightly ERP backup,2026-06-08,success,
BKP-0609,Nightly ERP backup,2026-06-09,success,
BKP-0610,Nightly ERP backup,2026-06-10,success,
BKP-0611,Nightly ERP backup,2026-06-11,success,
BKP-0612,Nightly ERP backup,2026-06-12,success,
BKP-0613,Nightly ERP backup,2026-06-13,success,
BKP-0614,Nightly ERP backup,2026-06-14,success,
BKP-0615,Nightly ERP backup,2026-06-15,success,
BKP-0616,Nightly ERP backup,2026-06-16,success,
BKP-0617,Nightly ERP backup,2026-06-17,success,
BKP-0618,Nightly ERP backup,2026-06-18,success,
BKP-0619,Nightly ERP backup,2026-06-19,success,
BKP-0620,Nightly ERP backup,2026-06-20,success,
BKP-0621,Nightly ERP backup,2026-06-21,success,
BKP-0622,Nightly ERP backup,2026-06-22,success,
BKP-0623,Nightly ERP backup,2026-06-23,success,
BKP-0624,Nightly ERP backup,2026-06-24,success,
BKP-0625,Nightly ERP backup,2026-06-25,success,
BKP-0626,Nightly ERP backup,2026-06-26,success,
BKP-0627,Nightly ERP backup,2026-06-27,success,
BKP-0628,Nightly ERP backup,2026-06-28,success,
BKP-0629,Nightly ERP backup,2026-06-29,success,
BKP-0630,Nightly ERP backup,2026-06-30,success,
BKP-0701,Nightly ERP backup,2026-07-01,success,
BKP-0702,Nightly ERP backup,2026-07-02,success,
BKP-0703,Nightly ERP backup,2026-07-03,success,
BKP-0704,Nightly ERP backup,2026-07-04,success,
BKP-0705,Nightly ERP backup,2026-07-05,success,
BKP-0706,Nightly ERP backup,2026-07-06,success,
BKP-0707,Nightly ERP backup,2026-07-07,success,
BKP-0708,Nightly ERP backup,2026-07-08,success,
BKP-0709,Nightly ERP backup,2026-07-09,success,
BKP-0710,Nightly ERP backup,2026-07-10,success,
BKP-0711,Nightly ERP backup,2026-07-11,success,
BKP-0712,Nightly ERP backup,2026-07-12,success,
BKP-0713,Nightly ERP backup,2026-07-13,success,
BKP-0714,Nightly ERP backup,2026-07-14,success,
BKP-0715,Nightly ERP backup,2026-07-15,success,
BKP-0716,Nightly ERP backup,2026-07-16,success,
BKP-0717,Nightly ERP backup,2026-07-17,success,
BKP-0718,Nightly ERP backup,2026-07-18,success,
BKP-0719,Nightly ERP backup,2026-07-19,success,
BKP-0720,Nightly ERP backup,2026-07-20,success,
BKP-0721,Nightly ERP backup,2026-07-21,success,
BKP-0722,Nightly ERP backup,2026-07-22,success,
BKP-0723,Nightly ERP backup,2026-07-23,success,
BKP-0724,Nightly ERP backup,2026-07-24,success,
BKP-0725,Nightly ERP backup,2026-07-25,success,
BKP-0726,Nightly ERP backup,2026-07-26,success,
BKP-0727,Nightly ERP backup,2026-07-27,success,
BKP-0728,Nightly ERP backup,2026-07-28,success,
BKP-0729,Nightly ERP backup,2026-07-29,success,
BKP-0730,Nightly ERP backup,2026-07-30,success,
BKP-0731,Nightly ERP backup,2026-07-31,success,
BKP-0801,Nightly ERP backup,2026-08-01,success,
BKP-0802,Nightly ERP backup,2026-08-02,success,
BKP-0803,Nightly ERP backup,2026-08-03,success,
BKP-0804,Nightly ERP backup,2026-08-04,success,
BKP-0805,Nightly ERP backup,2026-08-05,success,
BKP-0806,Nightly ERP backup,2026-08-06,success,
BKP-0807,Nightly ERP backup,2026-08-07,success,
BKP-0808,Nightly ERP backup,2026-08-08,success,
BKP-0809,Nightly ERP backup,2026-08-09,success,
BKP-0810,Nightly ERP backup,2026-08-10,success,
BKP-0811,Nightly ERP backup,2026-08-11,success,
BKP-0812,Nightly ERP backup,2026-08-12,success,
BKP-0813,Nightly ERP backup,2026-08-13,success,
BKP-0814,Nightly ERP backup,2026-08-14,success,
BKP-0815,Nightly ERP backup,2026-08-15,success,
BKP-0816,Nightly ERP backup,2026-08-16,success,
BKP-0817,Nightly ERP backup,2026-08-17,success,
BKP-0818,Nightly ERP backup,2026-08-18,success,
BKP-0819,Nightly ERP backup,2026-08-19,success,
BKP-0820,Nightly ERP backup,2026-08-20,success,
BKP-0821,Nightly ERP backup,2026-08-21,failed,INC-7702
BKP-0822,Nightly ERP backup,2026-08-22,success,
BKP-0823,Nightly ERP backup,2026-08-23,success,
BKP-0824,Nightly ERP backup,2026-08-24,success,
BKP-0825,Nightly ERP backup,2026-08-25,success,
BKP-0826,Nightly ERP backup,2026-08-26,success,
BKP-0827,Nightly ERP backup,2026-08-27,success,
BKP-0828,Nightly ERP backup,2026-08-28,success,
BKP-0829,Nightly ERP backup,2026-08-29,success,
BKP-0830,Nightly ERP backup,2026-08-30,success,
BKP-0831,Nightly ERP backup,2026-08-31,success,
BKP-0901,Nightly ERP backup,2026-09-01,success,
BKP-0902,Nightly ERP backup,2026-09-02,success,
BKP-0903,Nightly ERP backup,2026-09-03,success,
BKP-0904,Nightly ERP backup,2026-09-04,success,
BKP-0905,Nightly ERP backup,2026-09-05,success,
BKP-0906,Nightly ERP backup,2026-09-06,success,
BKP-0907,Nightly ERP backup,2026-09-07,success,
BKP-0908,Nightly ERP backup,2026-09-08,success,
BKP-0909,Nightly ERP backup,2026-09-09,success,
BKP-0910,Nightly ERP backup,2026-09-10,success,
BKP-0911,Nightly ERP backup,2026-09-11,success,
BKP-0912,Nightly ERP backup,2026-09-12,success,
BKP-0913,Nightly ERP backup,2026-09-13,success,
BKP-0914,Nightly ERP backup,2026-09-14,success,
BKP-0915,Nightly ERP backup,2026-09-15,success,
BKP-0916,Nightly ERP backup,2026-09-16,success,
BKP-0917,Nightly ERP backup,2026-09-17,success,
BKP-0918,Nightly ERP backup,2026-09-18,success,
BKP-0919,Nightly ERP backup,2026-09-19,success,
BKP-0920,Nightly ERP backup,2026-09-20,success,
BKP-0921,Nightly ERP backup,2026-09-21,success,
BKP-0922,Nightly ERP backup,2026-09-22,success,
BKP-0923,Nightly ERP backup,2026-09-23,success,
BKP-0924,Nightly ERP backup,2026-09-24,success,
BKP-0925,Nightly ERP backup,2026-09-25,success,
BKP-0926,Nightly ERP backup,2026-09-26,success,
BKP-0927,Nightly ERP backup,2026-09-27,success,
BKP-0928,Nightly ERP backup,2026-09-28,success,
BKP-0929,Nightly ERP backup,2026-09-29,success,
BKP-0930,Nightly ERP backup,2026-09-30,success,
