user,role
llindqvist,Vendor Maintenance
llindqvist,Create Purchase Order
mquintero,Payment Approval
nvance,Customer Maintenance
ocastro,Cash Receipts
phughes,Journal Entry Create
qmensah,Journal Entry Approve
qmensah,Approve Purchase Order
rrahman,Payroll Maintenance
swhitaker,Payroll Approval
tdelgado,Create Purchase Order
uiqbal,Receive Goods
vnovak,User Administration
wsato,Developer
yyilmaz,Reporting
aekwueme,Vendor Maintenance
aekwueme,Create Purchase Order
bjensen,Payment Approval
cokafor,Customer Maintenance
dtorres,Cash Receipts
eabbott,Journal Entry Create
ffischer,Journal Entry Approve
ffischer,Approve Purchase Order
gkowalski,Payroll Maintenance
hpereira,Payroll Approval
iunderhill,Create Purchase Order
